admin_project_code,admin_project_contact,bldg_use_type,bldg_use_subtype,bldg_project_status,site_country,bldg_year_permit,bldg_year_complete,bldg_year_complete_interval,bldg_QTO_type,bldg_area_definition,bldg_area_gfa,bldg_area_hfa,bldg_area_interval,bldg_users_total,bldg_floors_ag,bldg_floors_bg,bldg_struct_type,bldg_roof_type,bldg_energy_class_general,bldg_energy_class_country,bldg_certification,inv_energy_consumption,inv_mat_mass_total,inv_mat_1_type,inv_mat_1_mass,inv_mat_2_type,inv_mat_2_mass,inv_mat_3_type,inv_mat_3_mass,inv_mat_4_type,inv_mat_4_mass,inv_mat_5_type,inv_mat_5_mass,lca_RSP,lca_software,lca_database,lca_scenarios_decarbonisation,scope_parts_1_ground,scope_parts_2_structure,scope_parts_3_secondary,scope_parts_4_finishes,scope_parts_5_mechanical,scope_parts_6_electrical,scope_parts_6+_renewables,scope_parts_7_facilities,scope_parts_8_fittings,scope_LCS_A123,scope_LCS_A4,scope_LCS_A5,scope_LCS_B1,scope_LCS_B2,scope_LCS_B3,scope_LCS_B4,scope_LCS_B5,scope_LCS_B6,scope_LCS_B7,scope_LCS_B8,scope_LCS_C1,scope_LCS_C2,scope_LCS_C3,scope_LCS_C4,scope_LCS_D,scope_handling_D,GHG_sum_em,GHG_sum_op,GHG_sum_em_m2a,GHG_sum_op_m2a,GHG_A1,GHG_A2,GHG_A3,GHG_A4,GHG_A5,GHG_B1,GHG_B2,GHG_B3,GHG_B4,GHG_B5,GHG_B6,GHG_B7,GHG_C1,GHG_C2,GHG_C3,GHG_C4,GHG_D,GHG_A1_m2a,GHG_A2_m2a,GHG_A3_m2a,GHG_A4_m2a,GHG_A5_m2a,GHG_B1_m2a,GHG_B2_m2a,GHG_B3_m2a,GHG_B4_m2a,GHG_B5_m2a,GHG_B6_m2a,GHG_B7_m2a,GHG_C1_m2a,GHG_C2_m2a,GHG_C3_m2a,GHG_C4_m2a,GHG_D_m2a,GHG_A123,GHG_A45,GHG_A12345,GHG_B1234,GHG_B12345,GHG_B67,GHG_B1234567,GHG_C12,GHG_C34,GHG_C1234,GHG_C34_D,GHG_C1234_D,GHG_A123_m2a,GHG_A45_m2a,GHG_A12345_m2a,GHG_B1234_m2a,GHG_B12345_m2a,GHG_B67_m2a,GHG_B1234567_m2a,GHG_C12_m2a,GHG_C34_m2a,GHG_C1234_m2a,GHG_C34_D_m2a,GHG_C1234_D_m2a,GHG_P1_sum_m2a,GHG_P1_A123_m2a,GHG_P1_A45_m2a,GHG_P1_B1234_m2a,GHG_P1_B5_m2a,GHG_P1_C12_m2a,GHG_P1_C34_m2a,GHG_P1_D_m2a,GHG_P2_sum_m2a,GHG_P2_A123_m2a,GHG_P2_A45_m2a,GHG_P2_B1234_m2a,GHG_P2_B5_m2a,GHG_P2_C12_m2a,GHG_P2_C34_m2a,GHG_P2_D_m2a,GHG_P34_sum_m2a,GHG_P34_A123_m2a,GHG_P34_A45_m2a,GHG_P34_B1234_m2a,GHG_P34_B5_m2a,GHG_P34_C12_m2a,GHG_P34_C34_m2a,GHG_P34_D_m2a,GHG_P4_sum_m2a,GHG_P4_A123_m2a,GHG_P4_A45_m2a,GHG_P4_B1234_m2a,GHG_P4_B5_m2a,GHG_P4_C12_m2a,GHG_P4_C34_m2a,GHG_P4_D_m2a,GHG_P56_sum_m2a,GHG_P56_A123_m2a,GHG_P56_A45_m2a,GHG_P56_B1234_m2a,GHG_P56_B5_m2a,GHG_P56_C12_m2a,GHG_P56_C34_m2a,GHG_P56_D_m2a,GHG_P78_sum_m2a,GHG_P78_A123_m2a,GHG_P78_A45_m2a,GHG_P78_B1234_m2a,GHG_P78_B5_m2a,GHG_P78_C12_m2a,GHG_P78_C34_m2a,GHG_P78_D_m2a
CLF1,CLF,Non-residential,Office,New Built,Europe,n/a,n/a,No data,n/a,n/a,n/a,n/a,45001-95000,n/a,>25,n/a,n/a,n/a,n/a,n/a,n/a,n/a,n/a,n/a,n/a,n/a,n/a,n/a,n/a,n/a,n/a,n/a,n/a,40.0,n/a,n/a,No data,Yes,Yes,No,No,No,No,No,No,No,Yes,No data,No data,No data,No data,No data,No data,No data,No data,No data,No data,No,No,No,No,No,not in scope,1303390.0,n/a,n/a,n/a,n/a,n/a,n/a,n/a,n/a,n/a,n/a,n/a,n/a,n/a,n/a,n/a,n/a,n/a,n/a,n/a,n/a,n/a,n/a,n/a,n/a,n/a,n/a,n/a,n/a,n/a,n/a,n/a,n/a,n/a,n/a,n/a,n/a,n/a,n/a,n/a,n/a,n/a,n/a,n/a,n/a,n/a,n/a,n/a,n/a,n/a,n/a,n/a,n/a,n/a,n/a,n/a,n/a,n/a,n/a,n/a,n/a,n/a,n/a,n/a,n/a,n/a,n/a,n/a,n/a,n/a,n/a,n/a,n/a,n/a,n/a,n/a,n/a,n/a,n/a,n/a,n/a,n/a,n/a,n/a,n/a,n/a,n/a,n/a,n/a,n/a,n/a,n/a,n/a,n/a,n/a,n/a,n/a,n/a,n/a,n/a,n/a,n/a,n/a,n/a,n/a,n/a,n/a,n/a,n/a,n/a
CLF2,CLF,Non-residential,Mixed use,New Built,Europe,n/a,n/a,No data,n/a,n/a,n/a,n/a,>90001,n/a,>25,n/a,n/a,n/a,n/a,n/a,n/a,n/a,n/a,n/a,n/a,n/a,n/a,n/a,n/a,n/a,n/a,n/a,n/a,40.0,n/a,n/a,No data,Yes,Yes,No,No,No,No,No,No,No,Yes,No data,No data,No data,No data,No data,No data,No data,No data,No data,No data,No,No,No,No,No,not in scope,726440.0,n/a,n/a,n/a,n/a,n/a,n/a,n/a,n/a,n/a,n/a,n/a,n/a,n/a,n/a,n/a,n/a,n/a,n/a,n/a,n/a,n/a,n/a,n/a,n/a,n/a,n/a,n/a,n/a,n/a,n/a,n/a,n/a,n/a,n/a,n/a,n/a,n/a,n/a,n/a,n/a,n/a,n/a,n/a,n/a,n/a,n/a,n/a,n/a,n/a,n/a,n/a,n/a,n/a,n/a,n/a,n/a,n/a,n/a,n/a,n/a,n/a,n/a,n/a,n/a,n/a,n/a,n/a,n/a,n/a,n/a,n/a,n/a,n/a,n/a,n/a,n/a,n/a,n/a,n/a,n/a,n/a,n/a,n/a,n/a,n/a,n/a,n/a,n/a,n/a,n/a,n/a,n/a,n/a,n/a,n/a,n/a,n/a,n/a,n/a,n/a,n/a,n/a,n/a,n/a,n/a,n/a,n/a,n/a,n/a
CLF3,CLF,Non-residential,Office,New Built,Europe,n/a,n/a,No data,n/a,n/a,n/a,n/a,5001-20000,n/a,7-14,n/a,n/a,n/a,n/a,n/a,n/a,n/a,n/a,n/a,n/a,n/a,n/a,n/a,n/a,n/a,n/a,n/a,n/a,40.0,n/a,n/a,No data,Yes,Yes,No,No,No,No,No,No,No,Yes,No data,No data,No data,No data,No data,No data,No data,No data,No data,No data,No,No,No,No,No,not in scope,713190.0,n/a,n/a,n/a,n/a,n/a,n/a,n/a,n/a,n/a,n/a,n/a,n/a,n/a,n/a,n/a,n/a,n/a,n/a,n/a,n/a,n/a,n/a,n/a,n/a,n/a,n/a,n/a,n/a,n/a,n/a,n/a,n/a,n/a,n/a,n/a,n/a,n/a,n/a,n/a,n/a,n/a,n/a,n/a,n/a,n/a,n/a,n/a,n/a,n/a,n/a,n/a,n/a,n/a,n/a,n/a,n/a,n/a,n/a,n/a,n/a,n/a,n/a,n/a,n/a,n/a,n/a,n/a,n/a,n/a,n/a,n/a,n/a,n/a,n/a,n/a,n/a,n/a,n/a,n/a,n/a,n/a,n/a,n/a,n/a,n/a,n/a,n/a,n/a,n/a,n/a,n/a,n/a,n/a,n/a,n/a,n/a,n/a,n/a,n/a,n/a,n/a,n/a,n/a,n/a,n/a,n/a,n/a,n/a,n/a
CLF4,CLF,Non-residential,Office,New Built,Europe,n/a,n/a,No data,n/a,n/a,n/a,n/a,45001-95000,n/a,>25,n/a,n/a,n/a,n/a,n/a,n/a,n/a,n/a,n/a,n/a,n/a,n/a,n/a,n/a,n/a,n/a,n/a,n/a,40.0,n/a,n/a,No data,Yes,Yes,No,No,No,No,No,No,No,Yes,No data,No data,No data,No data,No data,No data,No data,No data,No data,No data,No,No,No,No,No,not in scope,649630.0,n/a,n/a,n/a,n/a,n/a,n/a,n/a,n/a,n/a,n/a,n/a,n/a,n/a,n/a,n/a,n/a,n/a,n/a,n/a,n/a,n/a,n/a,n/a,n/a,n/a,n/a,n/a,n/a,n/a,n/a,n/a,n/a,n/a,n/a,n/a,n/a,n/a,n/a,n/a,n/a,n/a,n/a,n/a,n/a,n/a,n/a,n/a,n/a,n/a,n/a,n/a,n/a,n/a,n/a,n/a,n/a,n/a,n/a,n/a,n/a,n/a,n/a,n/a,n/a,n/a,n/a,n/a,n/a,n/a,n/a,n/a,n/a,n/a,n/a,n/a,n/a,n/a,n/a,n/a,n/a,n/a,n/a,n/a,n/a,n/a,n/a,n/a,n/a,n/a,n/a,n/a,n/a,n/a,n/a,n/a,n/a,n/a,n/a,n/a,n/a,n/a,n/a,n/a,n/a,n/a,n/a,n/a,n/a,n/a
CLF5,CLF,Non-residential,Mixed use,New Built,Europe,n/a,n/a,No data,n/a,n/a,n/a,n/a,45001-95000,n/a,>25,n/a,n/a,n/a,n/a,n/a,n/a,n/a,n/a,n/a,n/a,n/a,n/a,n/a,n/a,n/a,n/a,n/a,n/a,40.0,n/a,n/a,No data,Yes,Yes,No,No,No,No,No,No,No,Yes,No data,No data,No data,No data,No data,No data,No data,No data,No data,No data,No,No,No,No,No,not in scope,653810.0,n/a,n/a,n/a,n/a,n/a,n/a,n/a,n/a,n/a,n/a,n/a,n/a,n/a,n/a,n/a,n/a,n/a,n/a,n/a,n/a,n/a,n/a,n/a,n/a,n/a,n/a,n/a,n/a,n/a,n/a,n/a,n/a,n/a,n/a,n/a,n/a,n/a,n/a,n/a,n/a,n/a,n/a,n/a,n/a,n/a,n/a,n/a,n/a,n/a,n/a,n/a,n/a,n/a,n/a,n/a,n/a,n/a,n/a,n/a,n/a,n/a,n/a,n/a,n/a,n/a,n/a,n/a,n/a,n/a,n/a,n/a,n/a,n/a,n/a,n/a,n/a,n/a,n/a,n/a,n/a,n/a,n/a,n/a,n/a,n/a,n/a,n/a,n/a,n/a,n/a,n/a,n/a,n/a,n/a,n/a,n/a,n/a,n/a,n/a,n/a,n/a,n/a,n/a,n/a,n/a,n/a,n/a,n/a,n/a
CLF6,CLF,Non-residential,Office,New Built,Europe,n/a,n/a,No data,n/a,n/a,n/a,n/a,5001-20000,n/a,7-14,n/a,n/a,n/a,n/a,n/a,n/a,n/a,n/a,n/a,n/a,n/a,n/a,n/a,n/a,n/a,n/a,n/a,n/a,40.0,n/a,n/a,No data,Yes,Yes,No,No,No,No,No,No,No,Yes,No data,No data,No data,No data,No data,No data,No data,No data,No data,No data,No,No,No,No,No,not in scope,504790.0,n/a,n/a,n/a,n/a,n/a,n/a,n/a,n/a,n/a,n/a,n/a,n/a,n/a,n/a,n/a,n/a,n/a,n/a,n/a,n/a,n/a,n/a,n/a,n/a,n/a,n/a,n/a,n/a,n/a,n/a,n/a,n/a,n/a,n/a,n/a,n/a,n/a,n/a,n/a,n/a,n/a,n/a,n/a,n/a,n/a,n/a,n/a,n/a,n/a,n/a,n/a,n/a,n/a,n/a,n/a,n/a,n/a,n/a,n/a,n/a,n/a,n/a,n/a,n/a,n/a,n/a,n/a,n/a,n/a,n/a,n/a,n/a,n/a,n/a,n/a,n/a,n/a,n/a,n/a,n/a,n/a,n/a,n/a,n/a,n/a,n/a,n/a,n/a,n/a,n/a,n/a,n/a,n/a,n/a,n/a,n/a,n/a,n/a,n/a,n/a,n/a,n/a,n/a,n/a,n/a,n/a,n/a,n/a,n/a
CLF7,CLF,Non-residential,Mixed use,New Built,Europe,n/a,n/a,No data,n/a,n/a,n/a,n/a,15001-50000,n/a,7-14,n/a,n/a,n/a,n/a,n/a,n/a,n/a,n/a,n/a,n/a,n/a,n/a,n/a,n/a,n/a,n/a,n/a,n/a,40.0,n/a,n/a,No data,Yes,Yes,No,No,No,No,No,No,No,Yes,No data,No data,No data,No data,No data,No data,No data,No data,No data,No data,No,No,No,No,No,not in scope,521480.0,n/a,n/a,n/a,n/a,n/a,n/a,n/a,n/a,n/a,n/a,n/a,n/a,n/a,n/a,n/a,n/a,n/a,n/a,n/a,n/a,n/a,n/a,n/a,n/a,n/a,n/a,n/a,n/a,n/a,n/a,n/a,n/a,n/a,n/a,n/a,n/a,n/a,n/a,n/a,n/a,n/a,n/a,n/a,n/a,n/a,n/a,n/a,n/a,n/a,n/a,n/a,n/a,n/a,n/a,n/a,n/a,n/a,n/a,n/a,n/a,n/a,n/a,n/a,n/a,n/a,n/a,n/a,n/a,n/a,n/a,n/a,n/a,n/a,n/a,n/a,n/a,n/a,n/a,n/a,n/a,n/a,n/a,n/a,n/a,n/a,n/a,n/a,n/a,n/a,n/a,n/a,n/a,n/a,n/a,n/a,n/a,n/a,n/a,n/a,n/a,n/a,n/a,n/a,n/a,n/a,n/a,n/a,n/a,n/a
CLF8,CLF,Non-residential,Office,New Built,Europe,n/a,n/a,No data,n/a,n/a,n/a,n/a,15001-50000,n/a,7-14,n/a,n/a,n/a,n/a,n/a,n/a,n/a,n/a,n/a,n/a,n/a,n/a,n/a,n/a,n/a,n/a,n/a,n/a,40.0,n/a,n/a,No data,Yes,Yes,No,No,No,No,No,No,No,Yes,No data,No data,No data,No data,No data,No data,No data,No data,No data,No data,No,No,No,No,No,not in scope,582730.0,n/a,n/a,n/a,n/a,n/a,n/a,n/a,n/a,n/a,n/a,n/a,n/a,n/a,n/a,n/a,n/a,n/a,n/a,n/a,n/a,n/a,n/a,n/a,n/a,n/a,n/a,n/a,n/a,n/a,n/a,n/a,n/a,n/a,n/a,n/a,n/a,n/a,n/a,n/a,n/a,n/a,n/a,n/a,n/a,n/a,n/a,n/a,n/a,n/a,n/a,n/a,n/a,n/a,n/a,n/a,n/a,n/a,n/a,n/a,n/a,n/a,n/a,n/a,n/a,n/a,n/a,n/a,n/a,n/a,n/a,n/a,n/a,n/a,n/a,n/a,n/a,n/a,n/a,n/a,n/a,n/a,n/a,n/a,n/a,n/a,n/a,n/a,n/a,n/a,n/a,n/a,n/a,n/a,n/a,n/a,n/a,n/a,n/a,n/a,n/a,n/a,n/a,n/a,n/a,n/a,n/a,n/a,n/a,n/a
CLF9,CLF,Non-residential,Office,New Built,Europe,n/a,n/a,No data,n/a,n/a,n/a,n/a,5001-20000,n/a,7-14,n/a,n/a,n/a,n/a,n/a,n/a,n/a,n/a,n/a,n/a,n/a,n/a,n/a,n/a,n/a,n/a,n/a,n/a,40.0,n/a,n/a,No data,Yes,Yes,No,No,No,No,No,No,No,Yes,No data,No data,No data,No data,No data,No data,No data,No data,No data,No data,No,No,No,No,No,not in scope,440550.0,n/a,n/a,n/a,n/a,n/a,n/a,n/a,n/a,n/a,n/a,n/a,n/a,n/a,n/a,n/a,n/a,n/a,n/a,n/a,n/a,n/a,n/a,n/a,n/a,n/a,n/a,n/a,n/a,n/a,n/a,n/a,n/a,n/a,n/a,n/a,n/a,n/a,n/a,n/a,n/a,n/a,n/a,n/a,n/a,n/a,n/a,n/a,n/a,n/a,n/a,n/a,n/a,n/a,n/a,n/a,n/a,n/a,n/a,n/a,n/a,n/a,n/a,n/a,n/a,n/a,n/a,n/a,n/a,n/a,n/a,n/a,n/a,n/a,n/a,n/a,n/a,n/a,n/a,n/a,n/a,n/a,n/a,n/a,n/a,n/a,n/a,n/a,n/a,n/a,n/a,n/a,n/a,n/a,n/a,n/a,n/a,n/a,n/a,n/a,n/a,n/a,n/a,n/a,n/a,n/a,n/a,n/a,n/a,n/a
CLF10,CLF,Non-residential,Other,New Built,Europe,n/a,n/a,No data,n/a,n/a,n/a,n/a,45001-95000,n/a,>25,n/a,n/a,n/a,n/a,n/a,n/a,n/a,n/a,n/a,n/a,n/a,n/a,n/a,n/a,n/a,n/a,n/a,n/a,40.0,n/a,n/a,No data,Yes,Yes,No,No,No,No,No,No,No,Yes,No data,No data,No data,No data,No data,No data,No data,No data,No data,No data,No,No,No,No,No,not in scope,418300.0,n/a,n/a,n/a,n/a,n/a,n/a,n/a,n/a,n/a,n/a,n/a,n/a,n/a,n/a,n/a,n/a,n/a,n/a,n/a,n/a,n/a,n/a,n/a,n/a,n/a,n/a,n/a,n/a,n/a,n/a,n/a,n/a,n/a,n/a,n/a,n/a,n/a,n/a,n/a,n/a,n/a,n/a,n/a,n/a,n/a,n/a,n/a,n/a,n/a,n/a,n/a,n/a,n/a,n/a,n/a,n/a,n/a,n/a,n/a,n/a,n/a,n/a,n/a,n/a,n/a,n/a,n/a,n/a,n/a,n/a,n/a,n/a,n/a,n/a,n/a,n/a,n/a,n/a,n/a,n/a,n/a,n/a,n/a,n/a,n/a,n/a,n/a,n/a,n/a,n/a,n/a,n/a,n/a,n/a,n/a,n/a,n/a,n/a,n/a,n/a,n/a,n/a,n/a,n/a,n/a,n/a,n/a,n/a,n/a
CLF11,CLF,Residential,Multi-family house,New Built,Europe,n/a,n/a,No data,n/a,n/a,n/a,n/a,45001-95000,n/a,15-25,n/a,n/a,n/a,n/a,n/a,n/a,n/a,n/a,n/a,n/a,n/a,n/a,n/a,n/a,n/a,n/a,n/a,n/a,40.0,n/a,n/a,No data,Yes,Yes,No,No,No,No,No,No,No,Yes,No data,No data,No data,No data,No data,No data,No data,No data,No data,No data,No,No,No,No,No,not in scope,386530.0,n/a,n/a,n/a,n/a,n/a,n/a,n/a,n/a,n/a,n/a,n/a,n/a,n/a,n/a,n/a,n/a,n/a,n/a,n/a,n/a,n/a,n/a,n/a,n/a,n/a,n/a,n/a,n/a,n/a,n/a,n/a,n/a,n/a,n/a,n/a,n/a,n/a,n/a,n/a,n/a,n/a,n/a,n/a,n/a,n/a,n/a,n/a,n/a,n/a,n/a,n/a,n/a,n/a,n/a,n/a,n/a,n/a,n/a,n/a,n/a,n/a,n/a,n/a,n/a,n/a,n/a,n/a,n/a,n/a,n/a,n/a,n/a,n/a,n/a,n/a,n/a,n/a,n/a,n/a,n/a,n/a,n/a,n/a,n/a,n/a,n/a,n/a,n/a,n/a,n/a,n/a,n/a,n/a,n/a,n/a,n/a,n/a,n/a,n/a,n/a,n/a,n/a,n/a,n/a,n/a,n/a,n/a,n/a,n/a
CLF12,CLF,Residential,Multi-family house,New Built,Europe,n/a,n/a,No data,n/a,n/a,n/a,n/a,5001-20000,n/a,7-14,n/a,n/a,n/a,n/a,n/a,n/a,n/a,n/a,n/a,n/a,n/a,n/a,n/a,n/a,n/a,n/a,n/a,n/a,40.0,n/a,n/a,No data,Yes,Yes,No,No,No,No,No,No,No,Yes,No data,No data,No data,No data,No data,No data,No data,No data,No data,No data,No,No,No,No,No,not in scope,356560.0,n/a,n/a,n/a,n/a,n/a,n/a,n/a,n/a,n/a,n/a,n/a,n/a,n/a,n/a,n/a,n/a,n/a,n/a,n/a,n/a,n/a,n/a,n/a,n/a,n/a,n/a,n/a,n/a,n/a,n/a,n/a,n/a,n/a,n/a,n/a,n/a,n/a,n/a,n/a,n/a,n/a,n/a,n/a,n/a,n/a,n/a,n/a,n/a,n/a,n/a,n/a,n/a,n/a,n/a,n/a,n/a,n/a,n/a,n/a,n/a,n/a,n/a,n/a,n/a,n/a,n/a,n/a,n/a,n/a,n/a,n/a,n/a,n/a,n/a,n/a,n/a,n/a,n/a,n/a,n/a,n/a,n/a,n/a,n/a,n/a,n/a,n/a,n/a,n/a,n/a,n/a,n/a,n/a,n/a,n/a,n/a,n/a,n/a,n/a,n/a,n/a,n/a,n/a,n/a,n/a,n/a,n/a,n/a,n/a
CLF13,CLF,Non-residential,Office,New Built,Europe,n/a,n/a,No data,n/a,n/a,n/a,n/a,45001-95000,n/a,7-14,n/a,n/a,n/a,n/a,n/a,n/a,n/a,n/a,n/a,n/a,n/a,n/a,n/a,n/a,n/a,n/a,n/a,n/a,40.0,n/a,n/a,No data,Yes,Yes,No,No,No,No,No,No,No,Yes,No data,No data,No data,No data,No data,No data,No data,No data,No data,No data,No,No,No,No,No,not in scope,357830.0,n/a,n/a,n/a,n/a,n/a,n/a,n/a,n/a,n/a,n/a,n/a,n/a,n/a,n/a,n/a,n/a,n/a,n/a,n/a,n/a,n/a,n/a,n/a,n/a,n/a,n/a,n/a,n/a,n/a,n/a,n/a,n/a,n/a,n/a,n/a,n/a,n/a,n/a,n/a,n/a,n/a,n/a,n/a,n/a,n/a,n/a,n/a,n/a,n/a,n/a,n/a,n/a,n/a,n/a,n/a,n/a,n/a,n/a,n/a,n/a,n/a,n/a,n/a,n/a,n/a,n/a,n/a,n/a,n/a,n/a,n/a,n/a,n/a,n/a,n/a,n/a,n/a,n/a,n/a,n/a,n/a,n/a,n/a,n/a,n/a,n/a,n/a,n/a,n/a,n/a,n/a,n/a,n/a,n/a,n/a,n/a,n/a,n/a,n/a,n/a,n/a,n/a,n/a,n/a,n/a,n/a,n/a,n/a,n/a
CLF14,CLF,Non-residential,Office,New Built,Europe,n/a,n/a,No data,n/a,n/a,n/a,n/a,15001-50000,n/a,7-14,n/a,n/a,n/a,n/a,n/a,n/a,n/a,n/a,n/a,n/a,n/a,n/a,n/a,n/a,n/a,n/a,n/a,n/a,40.0,n/a,n/a,No data,Yes,Yes,No,No,No,No,No,No,No,Yes,No data,No data,No data,No data,No data,No data,No data,No data,No data,No data,No,No,No,No,No,not in scope,260450.0,n/a,n/a,n/a,n/a,n/a,n/a,n/a,n/a,n/a,n/a,n/a,n/a,n/a,n/a,n/a,n/a,n/a,n/a,n/a,n/a,n/a,n/a,n/a,n/a,n/a,n/a,n/a,n/a,n/a,n/a,n/a,n/a,n/a,n/a,n/a,n/a,n/a,n/a,n/a,n/a,n/a,n/a,n/a,n/a,n/a,n/a,n/a,n/a,n/a,n/a,n/a,n/a,n/a,n/a,n/a,n/a,n/a,n/a,n/a,n/a,n/a,n/a,n/a,n/a,n/a,n/a,n/a,n/a,n/a,n/a,n/a,n/a,n/a,n/a,n/a,n/a,n/a,n/a,n/a,n/a,n/a,n/a,n/a,n/a,n/a,n/a,n/a,n/a,n/a,n/a,n/a,n/a,n/a,n/a,n/a,n/a,n/a,n/a,n/a,n/a,n/a,n/a,n/a,n/a,n/a,n/a,n/a,n/a,n/a
CLF15,CLF,Non-residential,Other,New Built,Europe,n/a,n/a,No data,n/a,n/a,n/a,n/a,0-10000,n/a,>25,n/a,n/a,n/a,n/a,n/a,n/a,n/a,n/a,n/a,n/a,n/a,n/a,n/a,n/a,n/a,n/a,n/a,n/a,50.0,n/a,n/a,No data,Yes,Yes,No,No,No,No,No,No,No,Yes,No data,No data,No data,No data,No data,No data,No data,No data,No data,No data,No,No,No,No,No,not in scope,6129540.0,n/a,n/a,n/a,n/a,n/a,n/a,n/a,n/a,n/a,n/a,n/a,n/a,n/a,n/a,n/a,n/a,n/a,n/a,n/a,n/a,n/a,n/a,n/a,n/a,n/a,n/a,n/a,n/a,n/a,n/a,n/a,n/a,n/a,n/a,n/a,n/a,n/a,n/a,n/a,n/a,n/a,n/a,n/a,n/a,n/a,n/a,n/a,n/a,n/a,n/a,n/a,n/a,n/a,n/a,n/a,n/a,n/a,n/a,n/a,n/a,n/a,n/a,n/a,n/a,n/a,n/a,n/a,n/a,n/a,n/a,n/a,n/a,n/a,n/a,n/a,n/a,n/a,n/a,n/a,n/a,n/a,n/a,n/a,n/a,n/a,n/a,n/a,n/a,n/a,n/a,n/a,n/a,n/a,n/a,n/a,n/a,n/a,n/a,n/a,n/a,n/a,n/a,n/a,n/a,n/a,n/a,n/a,n/a,n/a
CLF16,CLF,Non-residential,Other,New Built,Europe,n/a,n/a,No data,n/a,n/a,n/a,n/a,0-5000,n/a,1-6,n/a,n/a,n/a,n/a,n/a,n/a,n/a,n/a,n/a,n/a,n/a,n/a,n/a,n/a,n/a,n/a,n/a,n/a,50.0,n/a,n/a,No data,Yes,Yes,No,No,No,No,No,No,No,Yes,No data,No data,No data,No data,No data,No data,No data,No data,No data,No data,No,No,No,No,No,not in scope,1871130.0,n/a,n/a,n/a,n/a,n/a,n/a,n/a,n/a,n/a,n/a,n/a,n/a,n/a,n/a,n/a,n/a,n/a,n/a,n/a,n/a,n/a,n/a,n/a,n/a,n/a,n/a,n/a,n/a,n/a,n/a,n/a,n/a,n/a,n/a,n/a,n/a,n/a,n/a,n/a,n/a,n/a,n/a,n/a,n/a,n/a,n/a,n/a,n/a,n/a,n/a,n/a,n/a,n/a,n/a,n/a,n/a,n/a,n/a,n/a,n/a,n/a,n/a,n/a,n/a,n/a,n/a,n/a,n/a,n/a,n/a,n/a,n/a,n/a,n/a,n/a,n/a,n/a,n/a,n/a,n/a,n/a,n/a,n/a,n/a,n/a,n/a,n/a,n/a,n/a,n/a,n/a,n/a,n/a,n/a,n/a,n/a,n/a,n/a,n/a,n/a,n/a,n/a,n/a,n/a,n/a,n/a,n/a,n/a,n/a
CLF17,CLF,Residential,Other,New Built,Europe,n/a,n/a,No data,n/a,n/a,n/a,n/a,15001-50000,n/a,7-14,n/a,n/a,n/a,n/a,n/a,n/a,n/a,n/a,n/a,n/a,n/a,n/a,n/a,n/a,n/a,n/a,n/a,n/a,50.0,n/a,n/a,No data,Yes,Yes,No,No,No,No,No,No,No,Yes,No data,No data,No data,No data,No data,No data,No data,No data,No data,No data,No,No,No,No,No,not in scope,13221650.0,n/a,n/a,n/a,n/a,n/a,n/a,n/a,n/a,n/a,n/a,n/a,n/a,n/a,n/a,n/a,n/a,n/a,n/a,n/a,n/a,n/a,n/a,n/a,n/a,n/a,n/a,n/a,n/a,n/a,n/a,n/a,n/a,n/a,n/a,n/a,n/a,n/a,n/a,n/a,n/a,n/a,n/a,n/a,n/a,n/a,n/a,n/a,n/a,n/a,n/a,n/a,n/a,n/a,n/a,n/a,n/a,n/a,n/a,n/a,n/a,n/a,n/a,n/a,n/a,n/a,n/a,n/a,n/a,n/a,n/a,n/a,n/a,n/a,n/a,n/a,n/a,n/a,n/a,n/a,n/a,n/a,n/a,n/a,n/a,n/a,n/a,n/a,n/a,n/a,n/a,n/a,n/a,n/a,n/a,n/a,n/a,n/a,n/a,n/a,n/a,n/a,n/a,n/a,n/a,n/a,n/a,n/a,n/a,n/a
CLF18,CLF,Residential,Other,New Built,Europe,n/a,n/a,No data,n/a,n/a,n/a,n/a,15001-50000,n/a,7-14,n/a,n/a,n/a,n/a,n/a,n/a,n/a,n/a,n/a,n/a,n/a,n/a,n/a,n/a,n/a,n/a,n/a,n/a,50.0,n/a,n/a,No data,Yes,Yes,No,No,No,No,No,No,No,Yes,No data,No data,No data,No data,No data,No data,No data,No data,No data,No data,No,No,No,No,No,not in scope,11792010.0,n/a,n/a,n/a,n/a,n/a,n/a,n/a,n/a,n/a,n/a,n/a,n/a,n/a,n/a,n/a,n/a,n/a,n/a,n/a,n/a,n/a,n/a,n/a,n/a,n/a,n/a,n/a,n/a,n/a,n/a,n/a,n/a,n/a,n/a,n/a,n/a,n/a,n/a,n/a,n/a,n/a,n/a,n/a,n/a,n/a,n/a,n/a,n/a,n/a,n/a,n/a,n/a,n/a,n/a,n/a,n/a,n/a,n/a,n/a,n/a,n/a,n/a,n/a,n/a,n/a,n/a,n/a,n/a,n/a,n/a,n/a,n/a,n/a,n/a,n/a,n/a,n/a,n/a,n/a,n/a,n/a,n/a,n/a,n/a,n/a,n/a,n/a,n/a,n/a,n/a,n/a,n/a,n/a,n/a,n/a,n/a,n/a,n/a,n/a,n/a,n/a,n/a,n/a,n/a,n/a,n/a,n/a,n/a,n/a
CLF19,CLF,Non-residential,Other,New Built,Europe,n/a,n/a,No data,n/a,n/a,n/a,n/a,0-5000,n/a,1-6,n/a,n/a,n/a,n/a,n/a,n/a,n/a,n/a,n/a,n/a,n/a,n/a,n/a,n/a,n/a,n/a,n/a,n/a,50.0,n/a,n/a,No data,Yes,Yes,No,No,No,No,No,No,No,Yes,No data,No data,No data,No data,No data,No data,No data,No data,No data,No data,No,No,No,No,No,not in scope,1252080.0,n/a,n/a,n/a,n/a,n/a,n/a,n/a,n/a,n/a,n/a,n/a,n/a,n/a,n/a,n/a,n/a,n/a,n/a,n/a,n/a,n/a,n/a,n/a,n/a,n/a,n/a,n/a,n/a,n/a,n/a,n/a,n/a,n/a,n/a,n/a,n/a,n/a,n/a,n/a,n/a,n/a,n/a,n/a,n/a,n/a,n/a,n/a,n/a,n/a,n/a,n/a,n/a,n/a,n/a,n/a,n/a,n/a,n/a,n/a,n/a,n/a,n/a,n/a,n/a,n/a,n/a,n/a,n/a,n/a,n/a,n/a,n/a,n/a,n/a,n/a,n/a,n/a,n/a,n/a,n/a,n/a,n/a,n/a,n/a,n/a,n/a,n/a,n/a,n/a,n/a,n/a,n/a,n/a,n/a,n/a,n/a,n/a,n/a,n/a,n/a,n/a,n/a,n/a,n/a,n/a,n/a,n/a,n/a,n/a
CLF20,CLF,Non-residential,Other,New Built,Europe,n/a,n/a,No data,n/a,n/a,n/a,n/a,0-10000,n/a,7-14,n/a,n/a,n/a,n/a,n/a,n/a,n/a,n/a,n/a,n/a,n/a,n/a,n/a,n/a,n/a,n/a,n/a,n/a,50.0,n/a,n/a,No data,Yes,Yes,No,No,No,No,No,No,No,Yes,No data,No data,No data,No data,No data,No data,No data,No data,No data,No data,No,No,No,No,No,not in scope,2109880.0,n/a,n/a,n/a,n/a,n/a,n/a,n/a,n/a,n/a,n/a,n/a,n/a,n/a,n/a,n/a,n/a,n/a,n/a,n/a,n/a,n/a,n/a,n/a,n/a,n/a,n/a,n/a,n/a,n/a,n/a,n/a,n/a,n/a,n/a,n/a,n/a,n/a,n/a,n/a,n/a,n/a,n/a,n/a,n/a,n/a,n/a,n/a,n/a,n/a,n/a,n/a,n/a,n/a,n/a,n/a,n/a,n/a,n/a,n/a,n/a,n/a,n/a,n/a,n/a,n/a,n/a,n/a,n/a,n/a,n/a,n/a,n/a,n/a,n/a,n/a,n/a,n/a,n/a,n/a,n/a,n/a,n/a,n/a,n/a,n/a,n/a,n/a,n/a,n/a,n/a,n/a,n/a,n/a,n/a,n/a,n/a,n/a,n/a,n/a,n/a,n/a,n/a,n/a,n/a,n/a,n/a,n/a,n/a,n/a
